Image,Activity
Sitting_image_1,Sitting
Sitting_image_10,Sitting
Sitting_image_100,Sitting
Sitting_image_101,Sitting
Sitting_image_102,Sitting
Sitting_image_103,Sitting
Sitting_image_104,Sitting
Sitting_image_105,Sitting
Sitting_image_106,Sitting
Sitting_image_107,Sitting
Sitting_image_108,Sitting
Sitting_image_109,Sitting
Sitting_image_11,Sitting
Sitting_image_110,Sitting
Sitting_image_111,Sitting
Sitting_image_112,Sitting
Sitting_image_113,Sitting
Sitting_image_114,Sitting
Sitting_image_115,Sitting
Sitting_image_116,Sitting
Sitting_image_117,Sitting
Sitting_image_118,Sitting
Sitting_image_119,Sitting
Sitting_image_12,Sitting
Sitting_image_120,Sitting
Sitting_image_121,Sitting
Sitting_image_122,Sitting
Sitting_image_123,Sitting
Sitting_image_124,Sitting
Sitting_image_125,Sitting
Sitting_image_126,Sitting
Sitting_image_127,Sitting
Sitting_image_128,Sitting
Sitting_image_129,Sitting
Sitting_image_13,Sitting
Sitting_image_130,Sitting
Sitting_image_131,Sitting
Sitting_image_132,Sitting
Sitting_image_133,Sitting
Sitting_image_134,Sitting
Sitting_image_135,Sitting
Sitting_image_136,Sitting
Sitting_image_137,Sitting
Sitting_image_138,Sitting
Sitting_image_139,Sitting
Sitting_image_14,Sitting
Sitting_image_140,Sitting
Sitting_image_141,Sitting
Sitting_image_142,Sitting
Sitting_image_143,Sitting
Sitting_image_144,Sitting
Sitting_image_145,Sitting
Sitting_image_146,Sitting
Sitting_image_147,Sitting
Sitting_image_148,Sitting
Sitting_image_149,Sitting
Sitting_image_15,Sitting
Sitting_image_150,Sitting
Sitting_image_151,Sitting
Sitting_image_152,Sitting
Sitting_image_153,Sitting
Sitting_image_154,Sitting
Sitting_image_155,Sitting
Sitting_image_156,Sitting
Sitting_image_157,Sitting
Sitting_image_158,Sitting
Sitting_image_159,Sitting
Sitting_image_16,Sitting
Sitting_image_160,Sitting
Sitting_image_161,Sitting
Sitting_image_162,Sitting
Sitting_image_163,Sitting
Sitting_image_164,Sitting
Sitting_image_165,Sitting
Sitting_image_166,Sitting
Sitting_image_167,Sitting
Sitting_image_168,Sitting
Sitting_image_169,Sitting
Sitting_image_17,Sitting
Sitting_image_170,Sitting
Sitting_image_171,Sitting
Sitting_image_172,Sitting
Sitting_image_173,Sitting
Sitting_image_174,Sitting
Sitting_image_175,Sitting
Sitting_image_176,Sitting
Sitting_image_177,Sitting
Sitting_image_178,Sitting
Sitting_image_179,Sitting
Sitting_image_18,Sitting
Sitting_image_180,Sitting
Sitting_image_19,Sitting
Sitting_image_2,Sitting
Sitting_image_20,Sitting
Sitting_image_21,Sitting
Sitting_image_22,Sitting
Sitting_image_23,Sitting
Sitting_image_24,Sitting
Sitting_image_25,Sitting
Sitting_image_26,Sitting
Sitting_image_27,Sitting
Sitting_image_28,Sitting
Sitting_image_29,Sitting
Sitting_image_3,Sitting
Sitting_image_30,Sitting
Sitting_image_31,Sitting
Sitting_image_32,Sitting
Sitting_image_33,Sitting
Sitting_image_34,Sitting
Sitting_image_35,Sitting
Sitting_image_36,Sitting
Sitting_image_37,Sitting
Sitting_image_38,Sitting
Sitting_image_39,Sitting
Sitting_image_4,Sitting
Sitting_image_40,Sitting
Sitting_image_41,Sitting
Sitting_image_42,Sitting
Sitting_image_43,Sitting
Sitting_image_44,Sitting
Sitting_image_45,Sitting
Sitting_image_46,Sitting
Sitting_image_47,Sitting
Sitting_image_48,Sitting
Sitting_image_49,Sitting
Sitting_image_5,Sitting
Sitting_image_50,Sitting
Sitting_image_51,Sitting
Sitting_image_52,Sitting
Sitting_image_53,Sitting
Sitting_image_54,Sitting
Sitting_image_55,Sitting
Sitting_image_56,Sitting
Sitting_image_57,Sitting
Sitting_image_58,Sitting
Sitting_image_59,Sitting
Sitting_image_6,Sitting
Sitting_image_60,Sitting
Sitting_image_61,Sitting
Sitting_image_62,Sitting
Sitting_image_63,Sitting
Sitting_image_64,Sitting
Sitting_image_65,Sitting
Sitting_image_66,Sitting
Sitting_image_67,Sitting
Sitting_image_68,Sitting
Sitting_image_69,Sitting
Sitting_image_7,Sitting
Sitting_image_70,Sitting
Sitting_image_71,Sitting
Sitting_image_72,Sitting
Sitting_image_73,Sitting
Sitting_image_74,Sitting
Sitting_image_75,Sitting
Sitting_image_76,Sitting
Sitting_image_77,Sitting
Sitting_image_78,Sitting
Sitting_image_79,Sitting
Sitting_image_8,Sitting
Sitting_image_80,Sitting
Sitting_image_81,Sitting
Sitting_image_82,Sitting
Sitting_image_83,Sitting
Sitting_image_84,Sitting
Sitting_image_85,Sitting
Sitting_image_86,Sitting
Sitting_image_87,Sitting
Sitting_image_88,Sitting
Sitting_image_89,Sitting
Sitting_image_9,Sitting
Sitting_image_90,Sitting
Sitting_image_91,Sitting
Sitting_image_92,Sitting
Sitting_image_93,Sitting
Sitting_image_94,Sitting
Sitting_image_95,Sitting
Sitting_image_96,Sitting
Sitting_image_97,Sitting
Sitting_image_98,Sitting
Sitting_image_99,Sitting
